threat_type,timestamp,ti_category,ti_risk_level,ti_impact,ti_mitigation,label
ddos,2026-02-25T13:50:10.855952,Denial of Service,MEDIUM,"Service unavailability, business disruption","Enable DDoS protection, rate limiting, CDN deployment",ddos_MEDIUM
ddos,2026-02-25T13:50:10.855957,Denial of Service,MEDIUM,"Service unavailability, business disruption","Enable DDoS protection, rate limiting, CDN deployment",ddos_MEDIUM
ddos,2026-02-25T13:50:10.855966,Denial of Service,MEDIUM,"Service unavailability, business disruption","Enable DDoS protection, rate limiting, CDN deployment",ddos_MEDIUM
ddos,2026-02-25T13:50:10.855968,Denial of Service,MEDIUM,"Service unavailability, business disruption","Enable DDoS protection, rate limiting, CDN deployment",ddos_MEDIUM
ddos,2026-02-25T13:50:10.855974,Denial of Service,MEDIUM,"Service unavailability, business disruption","Enable DDoS protection, rate limiting, CDN deployment",ddos_MEDIUM
ddos,2026-02-25T13:50:10.855977,Denial of Service,MEDIUM,"Service unavailability, business disruption","Enable DDoS protection, rate limiting, CDN deployment",ddos_MEDIUM
ddos,2026-02-25T13:50:10.855979,Denial of Service,MEDIUM,"Service unavailability, business disruption","Enable DDoS protection, rate limiting, CDN deployment",ddos_MEDIUM
ddos,2026-02-25T13:50:10.855981,Denial of Service,MEDIUM,"Service unavailability, business disruption","Enable DDoS protection, rate limiting, CDN deployment",ddos_MEDIUM
ddos,2026-02-25T13:50:10.855984,Denial of Service,MEDIUM,"Service unavailability, business disruption","Enable DDoS protection, rate limiting, CDN deployment",ddos_MEDIUM
ddos,2026-02-25T13:50:10.855986,Denial of Service,MEDIUM,"Service unavailability, business disruption","Enable DDoS protection, rate limiting, CDN deployment",ddos_MEDIUM
ddos,2026-02-25T13:50:10.855988,Denial of Service,MEDIUM,"Service unavailability, business disruption","Enable DDoS protection, rate limiting, CDN deployment",ddos_MEDIUM
ddos,2026-02-25T13:50:10.855991,Denial of Service,MEDIUM,"Service unavailability, business disruption","Enable DDoS protection, rate limiting, CDN deployment",ddos_MEDIUM
ddos,2026-02-25T13:50:10.855993,Denial of Service,MEDIUM,"Service unavailability, business disruption","Enable DDoS protection, rate limiting, CDN deployment",ddos_MEDIUM
ddos,2026-02-25T13:50:10.855995,Denial of Service,MEDIUM,"Service unavailability, business disruption","Enable DDoS protection, rate limiting, CDN deployment",ddos_MEDIUM
ddos,2026-02-25T13:50:10.855998,Denial of Service,MEDIUM,"Service unavailability, business disruption","Enable DDoS protection, rate limiting, CDN deployment",ddos_MEDIUM
ddos,2026-02-25T13:50:10.856000,Denial of Service,MEDIUM,"Service unavailability, business disruption","Enable DDoS protection, rate limiting, CDN deployment",ddos_MEDIUM
ddos,2026-02-25T13:50:10.856002,Denial of Service,MEDIUM,"Service unavailability, business disruption","Enable DDoS protection, rate limiting, CDN deployment",ddos_MEDIUM
ddos,2026-02-25T13:50:10.856005,Denial of Service,MEDIUM,"Service unavailability, business disruption","Enable DDoS protection, rate limiting, CDN deployment",ddos_MEDIUM
ddos,2026-02-25T13:50:10.856007,Denial of Service,MEDIUM,"Service unavailability, business disruption","Enable DDoS protection, rate limiting, CDN deployment",ddos_MEDIUM
ddos,2026-02-25T13:50:10.856009,Denial of Service,MEDIUM,"Service unavailability, business disruption","Enable DDoS protection, rate limiting, CDN deployment",ddos_MEDIUM
ddos,2026-02-25T13:50:10.856012,Denial of Service,MEDIUM,"Service unavailability, business disruption","Enable DDoS protection, rate limiting, CDN deployment",ddos_MEDIUM
ddos,2026-02-25T13:50:10.856014,Denial of Service,MEDIUM,"Service unavailability, business disruption","Enable DDoS protection, rate limiting, CDN deployment",ddos_MEDIUM
ddos,2026-02-25T13:50:10.856016,Denial of Service,MEDIUM,"Service unavailability, business disruption","Enable DDoS protection, rate limiting, CDN deployment",ddos_MEDIUM
ddos,2026-02-25T13:50:10.856021,Denial of Service,MEDIUM,"Service unavailability, business disruption","Enable DDoS protection, rate limiting, CDN deployment",ddos_MEDIUM
ddos,2026-02-25T13:50:10.856023,Denial of Service,MEDIUM,"Service unavailability, business disruption","Enable DDoS protection, rate limiting, CDN deployment",ddos_MEDIUM
ddos,2026-02-25T13:50:10.856025,Denial of Service,MEDIUM,"Service unavailability, business disruption","Enable DDoS protection, rate limiting, CDN deployment",ddos_MEDIUM
ddos,2026-02-25T13:50:10.856028,Denial of Service,MEDIUM,"Service unavailability, business disruption","Enable DDoS protection, rate limiting, CDN deployment",ddos_MEDIUM
ddos,2026-02-25T13:50:10.856030,Denial of Service,MEDIUM,"Service unavailability, business disruption","Enable DDoS protection, rate limiting, CDN deployment",ddos_MEDIUM
ddos,2026-02-25T13:50:10.856032,Denial of Service,MEDIUM,"Service unavailability, business disruption","Enable DDoS protection, rate limiting, CDN deployment",ddos_MEDIUM
ddos,2026-02-25T13:50:10.856035,Denial of Service,MEDIUM,"Service unavailability, business disruption","Enable DDoS protection, rate limiting, CDN deployment",ddos_MEDIUM
ddos,2026-02-25T13:50:10.856037,Denial of Service,MEDIUM,"Service unavailability, business disruption","Enable DDoS protection, rate limiting, CDN deployment",ddos_MEDIUM
ddos,2026-02-25T13:50:10.856039,Denial of Service,MEDIUM,"Service unavailability, business disruption","Enable DDoS protection, rate limiting, CDN deployment",ddos_MEDIUM
ddos,2026-02-25T13:50:10.856042,Denial of Service,MEDIUM,"Service unavailability, business disruption","Enable DDoS protection, rate limiting, CDN deployment",ddos_MEDIUM
ddos,2026-02-25T13:50:10.856044,Denial of Service,MEDIUM,"Service unavailability, business disruption","Enable DDoS protection, rate limiting, CDN deployment",ddos_MEDIUM
ddos,2026-02-25T13:50:10.856048,Denial of Service,MEDIUM,"Service unavailability, business disruption","Enable DDoS protection, rate limiting, CDN deployment",ddos_MEDIUM
ddos,2026-02-25T13:50:10.856051,Denial of Service,MEDIUM,"Service unavailability, business disruption","Enable DDoS protection, rate limiting, CDN deployment",ddos_MEDIUM
ddos,2026-02-25T13:50:10.856053,Denial of Service,MEDIUM,"Service unavailability, business disruption","Enable DDoS protection, rate limiting, CDN deployment",ddos_MEDIUM
ddos,2026-02-25T13:50:10.856055,Denial of Service,MEDIUM,"Service unavailability, business disruption","Enable DDoS protection, rate limiting, CDN deployment",ddos_MEDIUM
ddos,2026-02-25T13:50:10.856058,Denial of Service,MEDIUM,"Service unavailability, business disruption","Enable DDoS protection, rate limiting, CDN deployment",ddos_MEDIUM
ddos,2026-02-25T13:50:10.856060,Denial of Service,MEDIUM,"Service unavailability, business disruption","Enable DDoS protection, rate limiting, CDN deployment",ddos_MEDIUM
ddos,2026-02-25T13:50:10.856062,Denial of Service,MEDIUM,"Service unavailability, business disruption","Enable DDoS protection, rate limiting, CDN deployment",ddos_MEDIUM
ddos,2026-02-25T13:50:10.856065,Denial of Service,MEDIUM,"Service unavailability, business disruption","Enable DDoS protection, rate limiting, CDN deployment",ddos_MEDIUM
ddos,2026-02-25T13:50:10.856067,Denial of Service,MEDIUM,"Service unavailability, business disruption","Enable DDoS protection, rate limiting, CDN deployment",ddos_MEDIUM
ddos,2026-02-25T13:50:10.856072,Denial of Service,MEDIUM,"Service unavailability, business disruption","Enable DDoS protection, rate limiting, CDN deployment",ddos_MEDIUM
ddos,2026-02-25T13:50:10.856074,Denial of Service,MEDIUM,"Service unavailability, business disruption","Enable DDoS protection, rate limiting, CDN deployment",ddos_MEDIUM
ddos,2026-02-25T13:50:10.856076,Denial of Service,MEDIUM,"Service unavailability, business disruption","Enable DDoS protection, rate limiting, CDN deployment",ddos_MEDIUM
ddos,2026-02-25T13:50:10.856079,Denial of Service,MEDIUM,"Service unavailability, business disruption","Enable DDoS protection, rate limiting, CDN deployment",ddos_MEDIUM
ddos,2026-02-25T13:50:10.856081,Denial of Service,MEDIUM,"Service unavailability, business disruption","Enable DDoS protection, rate limiting, CDN deployment",ddos_MEDIUM
ddos,2026-02-25T13:50:10.856083,Denial of Service,MEDIUM,"Service unavailability, business disruption","Enable DDoS protection, rate limiting, CDN deployment",ddos_MEDIUM
ddos,2026-02-25T13:50:10.856086,Denial of Service,MEDIUM,"Service unavailability, business disruption","Enable DDoS protection, rate limiting, CDN deployment",ddos_MEDIUM
ddos,2026-02-25T13:50:10.856088,Denial of Service,MEDIUM,"Service unavailability, business disruption","Enable DDoS protection, rate limiting, CDN deployment",ddos_MEDIUM
ddos,2026-02-25T13:50:10.856090,Denial of Service,MEDIUM,"Service unavailability, business disruption","Enable DDoS protection, rate limiting, CDN deployment",ddos_MEDIUM
ddos,2026-02-25T13:50:10.856095,Denial of Service,MEDIUM,"Service unavailability, business disruption","Enable DDoS protection, rate limiting, CDN deployment",ddos_MEDIUM
ddos,2026-02-25T13:50:10.856097,Denial of Service,MEDIUM,"Service unavailability, business disruption","Enable DDoS protection, rate limiting, CDN deployment",ddos_MEDIUM
ddos,2026-02-25T13:50:10.856100,Denial of Service,MEDIUM,"Service unavailability, business disruption","Enable DDoS protection, rate limiting, CDN deployment",ddos_MEDIUM
ddos,2026-02-25T13:50:10.856102,Denial of Service,MEDIUM,"Service unavailability, business disruption","Enable DDoS protection, rate limiting, CDN deployment",ddos_MEDIUM
ddos,2026-02-25T13:50:10.856104,Denial of Service,MEDIUM,"Service unavailability, business disruption","Enable DDoS protection, rate limiting, CDN deployment",ddos_MEDIUM
ddos,2026-02-25T13:50:10.856107,Denial of Service,MEDIUM,"Service unavailability, business disruption","Enable DDoS protection, rate limiting, CDN deployment",ddos_MEDIUM
ddos,2026-02-25T13:50:10.856109,Denial of Service,MEDIUM,"Service unavailability, business disruption","Enable DDoS protection, rate limiting, CDN deployment",ddos_MEDIUM
ddos,2026-02-25T13:50:10.856111,Denial of Service,MEDIUM,"Service unavailability, business disruption","Enable DDoS protection, rate limiting, CDN deployment",ddos_MEDIUM
ddos,2026-02-25T13:50:10.856114,Denial of Service,MEDIUM,"Service unavailability, business disruption","Enable DDoS protection, rate limiting, CDN deployment",ddos_MEDIUM
ddos,2026-02-25T13:50:10.856116,Denial of Service,MEDIUM,"Service unavailability, business disruption","Enable DDoS protection, rate limiting, CDN deployment",ddos_MEDIUM
ddos,2026-02-25T13:50:10.856120,Denial of Service,MEDIUM,"Service unavailability, business disruption","Enable DDoS protection, rate limiting, CDN deployment",ddos_MEDIUM
ddos,2026-02-25T13:50:10.856123,Denial of Service,MEDIUM,"Service unavailability, business disruption","Enable DDoS protection, rate limiting, CDN deployment",ddos_MEDIUM
ddos,2026-02-25T13:50:10.856125,Denial of Service,MEDIUM,"Service unavailability, business disruption","Enable DDoS protection, rate limiting, CDN deployment",ddos_MEDIUM
ddos,2026-02-25T13:50:10.856127,Denial of Service,MEDIUM,"Service unavailability, business disruption","Enable DDoS protection, rate limiting, CDN deployment",ddos_MEDIUM
ddos,2026-02-25T13:50:10.856132,Denial of Service,MEDIUM,"Service unavailability, business disruption","Enable DDoS protection, rate limiting, CDN deployment",ddos_MEDIUM
ddos,2026-02-25T13:50:10.856134,Denial of Service,MEDIUM,"Service unavailability, business disruption","Enable DDoS protection, rate limiting, CDN deployment",ddos_MEDIUM
ddos,2026-02-25T13:50:10.856136,Denial of Service,MEDIUM,"Service unavailability, business disruption","Enable DDoS protection, rate limiting, CDN deployment",ddos_MEDIUM
ddos,2026-02-25T13:50:10.856139,Denial of Service,MEDIUM,"Service unavailability, business disruption","Enable DDoS protection, rate limiting, CDN deployment",ddos_MEDIUM
ddos,2026-02-25T13:50:10.856141,Denial of Service,MEDIUM,"Service unavailability, business disruption","Enable DDoS protection, rate limiting, CDN deployment",ddos_MEDIUM
ddos,2026-02-25T13:50:10.856143,Denial of Service,MEDIUM,"Service unavailability, business disruption","Enable DDoS protection, rate limiting, CDN deployment",ddos_MEDIUM
ddos,2026-02-25T13:50:10.856146,Denial of Service,MEDIUM,"Service unavailability, business disruption","Enable DDoS protection, rate limiting, CDN deployment",ddos_MEDIUM
ddos,2026-02-25T13:50:10.856148,Denial of Service,MEDIUM,"Service unavailability, business disruption","Enable DDoS protection, rate limiting, CDN deployment",ddos_MEDIUM
ddos,2026-02-25T13:50:10.856150,Denial of Service,MEDIUM,"Service unavailability, business disruption","Enable DDoS protection, rate limiting, CDN deployment",ddos_MEDIUM
ddos,2026-02-25T13:50:10.856153,Denial of Service,MEDIUM,"Service unavailability, business disruption","Enable DDoS protection, rate limiting, CDN deployment",ddos_MEDIUM
ddos,2026-02-25T13:50:10.856155,Denial of Service,MEDIUM,"Service unavailability, business disruption","Enable DDoS protection, rate limiting, CDN deployment",ddos_MEDIUM
ddos,2026-02-25T13:50:10.856157,Denial of Service,MEDIUM,"Service unavailability, business disruption","Enable DDoS protection, rate limiting, CDN deployment",ddos_MEDIUM
ddos,2026-02-25T13:50:10.856160,Denial of Service,MEDIUM,"Service unavailability, business disruption","Enable DDoS protection, rate limiting, CDN deployment",ddos_MEDIUM
ddos,2026-02-25T13:50:10.856162,Denial of Service,MEDIUM,"Service unavailability, business disruption","Enable DDoS protection, rate limiting, CDN deployment",ddos_MEDIUM
ddos,2026-02-25T13:50:10.856164,Denial of Service,MEDIUM,"Service unavailability, business disruption","Enable DDoS protection, rate limiting, CDN deployment",ddos_MEDIUM
ddos,2026-02-25T13:50:10.856167,Denial of Service,MEDIUM,"Service unavailability, business disruption","Enable DDoS protection, rate limiting, CDN deployment",ddos_MEDIUM
ddos,2026-02-25T13:50:10.856171,Denial of Service,MEDIUM,"Service unavailability, business disruption","Enable DDoS protection, rate limiting, CDN deployment",ddos_MEDIUM
ddos,2026-02-25T13:50:10.856174,Denial of Service,MEDIUM,"Service unavailability, business disruption","Enable DDoS protection, rate limiting, CDN deployment",ddos_MEDIUM
ddos,2026-02-25T13:50:10.856176,Denial of Service,MEDIUM,"Service unavailability, business disruption","Enable DDoS protection, rate limiting, CDN deployment",ddos_MEDIUM
ddos,2026-02-25T13:50:10.856179,Denial of Service,MEDIUM,"Service unavailability, business disruption","Enable DDoS protection, rate limiting, CDN deployment",ddos_MEDIUM
ddos,2026-02-25T13:50:10.856181,Denial of Service,MEDIUM,"Service unavailability, business disruption","Enable DDoS protection, rate limiting, CDN deployment",ddos_MEDIUM
ddos,2026-02-25T13:50:10.856183,Denial of Service,MEDIUM,"Service unavailability, business disruption","Enable DDoS protection, rate limiting, CDN deployment",ddos_MEDIUM
ddos,2026-02-25T13:50:10.856185,Denial of Service,MEDIUM,"Service unavailability, business disruption","Enable DDoS protection, rate limiting, CDN deployment",ddos_MEDIUM
ddos,2026-02-25T13:50:10.856188,Denial of Service,MEDIUM,"Service unavailability, business disruption","Enable DDoS protection, rate limiting, CDN deployment",ddos_MEDIUM
ddos,2026-02-25T13:50:10.856190,Denial of Service,MEDIUM,"Service unavailability, business disruption","Enable DDoS protection, rate limiting, CDN deployment",ddos_MEDIUM
ddos,2026-02-25T13:50:10.856192,Denial of Service,MEDIUM,"Service unavailability, business disruption","Enable DDoS protection, rate limiting, CDN deployment",ddos_MEDIUM
ddos,2026-02-25T13:50:10.856195,Denial of Service,MEDIUM,"Service unavailability, business disruption","Enable DDoS protection, rate limiting, CDN deployment",ddos_MEDIUM
ddos,2026-02-25T13:50:10.856197,Denial of Service,MEDIUM,"Service unavailability, business disruption","Enable DDoS protection, rate limiting, CDN deployment",ddos_MEDIUM
ddos,2026-02-25T13:50:10.856199,Denial of Service,MEDIUM,"Service unavailability, business disruption","Enable DDoS protection, rate limiting, CDN deployment",ddos_MEDIUM
ddos,2026-02-25T13:50:10.856202,Denial of Service,MEDIUM,"Service unavailability, business disruption","Enable DDoS protection, rate limiting, CDN deployment",ddos_MEDIUM
ddos,2026-02-25T13:50:10.856204,Denial of Service,MEDIUM,"Service unavailability, business disruption","Enable DDoS protection, rate limiting, CDN deployment",ddos_MEDIUM
ddos,2026-02-25T13:50:10.856206,Denial of Service,MEDIUM,"Service unavailability, business disruption","Enable DDoS protection, rate limiting, CDN deployment",ddos_MEDIUM
ddos,2026-02-25T13:50:10.856211,Denial of Service,MEDIUM,"Service unavailability, business disruption","Enable DDoS protection, rate limiting, CDN deployment",ddos_MEDIUM
ddos,2026-02-25T13:50:10.856213,Denial of Service,MEDIUM,"Service unavailability, business disruption","Enable DDoS protection, rate limiting, CDN deployment",ddos_MEDIUM
ddos,2026-02-25T13:50:10.856216,Denial of Service,MEDIUM,"Service unavailability, business disruption","Enable DDoS protection, rate limiting, CDN deployment",ddos_MEDIUM
ddos,2026-02-25T13:50:10.856220,Denial of Service,MEDIUM,"Service unavailability, business disruption","Enable DDoS protection, rate limiting, CDN deployment",ddos_MEDIUM
ddos,2026-02-25T13:50:10.856222,Denial of Service,MEDIUM,"Service unavailability, business disruption","Enable DDoS protection, rate limiting, CDN deployment",ddos_MEDIUM
ddos,2026-02-25T13:50:10.856227,Denial of Service,MEDIUM,"Service unavailability, business disruption","Enable DDoS protection, rate limiting, CDN deployment",ddos_MEDIUM
ddos,2026-02-25T13:50:10.856229,Denial of Service,MEDIUM,"Service unavailability, business disruption","Enable DDoS protection, rate limiting, CDN deployment",ddos_MEDIUM
ddos,2026-02-25T13:50:10.856231,Denial of Service,MEDIUM,"Service unavailability, business disruption","Enable DDoS protection, rate limiting, CDN deployment",ddos_MEDIUM
ddos,2026-02-25T13:50:10.856234,Denial of Service,MEDIUM,"Service unavailability, business disruption","Enable DDoS protection, rate limiting, CDN deployment",ddos_MEDIUM
ddos,2026-02-25T13:50:10.856236,Denial of Service,MEDIUM,"Service unavailability, business disruption","Enable DDoS protection, rate limiting, CDN deployment",ddos_MEDIUM
ddos,2026-02-25T13:50:10.856238,Denial of Service,MEDIUM,"Service unavailability, business disruption","Enable DDoS protection, rate limiting, CDN deployment",ddos_MEDIUM
ddos,2026-02-25T13:50:10.856241,Denial of Service,MEDIUM,"Service unavailability, business disruption","Enable DDoS protection, rate limiting, CDN deployment",ddos_MEDIUM
ddos,2026-02-25T13:50:10.856243,Denial of Service,MEDIUM,"Service unavailability, business disruption","Enable DDoS protection, rate limiting, CDN deployment",ddos_MEDIUM
ddos,2026-02-25T13:50:10.856245,Denial of Service,MEDIUM,"Service unavailability, business disruption","Enable DDoS protection, rate limiting, CDN deployment",ddos_MEDIUM
ddos,2026-02-25T13:50:10.856248,Denial of Service,MEDIUM,"Service unavailability, business disruption","Enable DDoS protection, rate limiting, CDN deployment",ddos_MEDIUM
ddos,2026-02-25T13:50:10.856250,Denial of Service,MEDIUM,"Service unavailability, business disruption","Enable DDoS protection, rate limiting, CDN deployment",ddos_MEDIUM
ddos,2026-02-25T13:50:10.856252,Denial of Service,MEDIUM,"Service unavailability, business disruption","Enable DDoS protection, rate limiting, CDN deployment",ddos_MEDIUM
ddos,2026-02-25T13:50:10.856255,Denial of Service,MEDIUM,"Service unavailability, business disruption","Enable DDoS protection, rate limiting, CDN deployment",ddos_MEDIUM
ddos,2026-02-25T13:50:10.856257,Denial of Service,MEDIUM,"Service unavailability, business disruption","Enable DDoS protection, rate limiting, CDN deployment",ddos_MEDIUM
ddos,2026-02-25T13:50:10.856259,Denial of Service,MEDIUM,"Service unavailability, business disruption","Enable DDoS protection, rate limiting, CDN deployment",ddos_MEDIUM
ddos,2026-02-25T13:50:10.856262,Denial of Service,MEDIUM,"Service unavailability, business disruption","Enable DDoS protection, rate limiting, CDN deployment",ddos_MEDIUM
ddos,2026-02-25T13:50:10.856264,Denial of Service,MEDIUM,"Service unavailability, business disruption","Enable DDoS protection, rate limiting, CDN deployment",ddos_MEDIUM
ddos,2026-02-25T13:50:10.856266,Denial of Service,MEDIUM,"Service unavailability, business disruption","Enable DDoS protection, rate limiting, CDN deployment",ddos_MEDIUM
ddos,2026-02-25T13:50:10.856271,Denial of Service,MEDIUM,"Service unavailability, business disruption","Enable DDoS protection, rate limiting, CDN deployment",ddos_MEDIUM
ddos,2026-02-25T13:50:10.856273,Denial of Service,MEDIUM,"Service unavailability, business disruption","Enable DDoS protection, rate limiting, CDN deployment",ddos_MEDIUM
ddos,2026-02-25T13:50:10.856276,Denial of Service,MEDIUM,"Service unavailability, business disruption","Enable DDoS protection, rate limiting, CDN deployment",ddos_MEDIUM
ddos,2026-02-25T13:50:10.856278,Denial of Service,MEDIUM,"Service unavailability, business disruption","Enable DDoS protection, rate limiting, CDN deployment",ddos_MEDIUM
ddos,2026-02-25T13:50:10.856280,Denial of Service,MEDIUM,"Service unavailability, business disruption","Enable DDoS protection, rate limiting, CDN deployment",ddos_MEDIUM
ddos,2026-02-25T13:50:10.856283,Denial of Service,MEDIUM,"Service unavailability, business disruption","Enable DDoS protection, rate limiting, CDN deployment",ddos_MEDIUM
ddos,2026-02-25T13:50:10.856285,Denial of Service,MEDIUM,"Service unavailability, business disruption","Enable DDoS protection, rate limiting, CDN deployment",ddos_MEDIUM
ddos,2026-02-25T13:50:10.856287,Denial of Service,MEDIUM,"Service unavailability, business disruption","Enable DDoS protection, rate limiting, CDN deployment",ddos_MEDIUM
ddos,2026-02-25T13:50:10.856292,Denial of Service,MEDIUM,"Service unavailability, business disruption","Enable DDoS protection, rate limiting, CDN deployment",ddos_MEDIUM
ddos,2026-02-25T13:50:10.856294,Denial of Service,MEDIUM,"Service unavailability, business disruption","Enable DDoS protection, rate limiting, CDN deployment",ddos_MEDIUM
ddos,2026-02-25T13:50:10.856297,Denial of Service,MEDIUM,"Service unavailability, business disruption","Enable DDoS protection, rate limiting, CDN deployment",ddos_MEDIUM
ddos,2026-02-25T13:50:10.856299,Denial of Service,MEDIUM,"Service unavailability, business disruption","Enable DDoS protection, rate limiting, CDN deployment",ddos_MEDIUM
ddos,2026-02-25T13:50:10.856301,Denial of Service,MEDIUM,"Service unavailability, business disruption","Enable DDoS protection, rate limiting, CDN deployment",ddos_MEDIUM
ddos,2026-02-25T13:50:10.856304,Denial of Service,MEDIUM,"Service unavailability, business disruption","Enable DDoS protection, rate limiting, CDN deployment",ddos_MEDIUM
ddos,2026-02-25T13:50:10.856306,Denial of Service,MEDIUM,"Service unavailability, business disruption","Enable DDoS protection, rate limiting, CDN deployment",ddos_MEDIUM
ddos,2026-02-25T13:50:10.856308,Denial of Service,MEDIUM,"Service unavailability, business disruption","Enable DDoS protection, rate limiting, CDN deployment",ddos_MEDIUM
ddos,2026-02-25T13:50:10.856311,Denial of Service,MEDIUM,"Service unavailability, business disruption","Enable DDoS protection, rate limiting, CDN deployment",ddos_MEDIUM
ddos,2026-02-25T13:50:10.856313,Denial of Service,MEDIUM,"Service unavailability, business disruption","Enable DDoS protection, rate limiting, CDN deployment",ddos_MEDIUM
ddos,2026-02-25T13:50:10.856315,Denial of Service,MEDIUM,"Service unavailability, business disruption","Enable DDoS protection, rate limiting, CDN deployment",ddos_MEDIUM
ddos,2026-02-25T13:50:10.856320,Denial of Service,MEDIUM,"Service unavailability, business disruption","Enable DDoS protection, rate limiting, CDN deployment",ddos_MEDIUM
ddos,2026-02-25T13:50:10.856322,Denial of Service,MEDIUM,"Service unavailability, business disruption","Enable DDoS protection, rate limiting, CDN deployment",ddos_MEDIUM
ddos,2026-02-25T13:50:10.856324,Denial of Service,MEDIUM,"Service unavailability, business disruption","Enable DDoS protection, rate limiting, CDN deployment",ddos_MEDIUM
ddos,2026-02-25T13:50:10.856327,Denial of Service,MEDIUM,"Service unavailability, business disruption","Enable DDoS protection, rate limiting, CDN deployment",ddos_MEDIUM
ddos,2026-02-25T13:50:10.856329,Denial of Service,MEDIUM,"Service unavailability, business disruption","Enable DDoS protection, rate limiting, CDN deployment",ddos_MEDIUM
ddos,2026-02-25T13:50:10.856331,Denial of Service,MEDIUM,"Service unavailability, business disruption","Enable DDoS protection, rate limiting, CDN deployment",ddos_MEDIUM
ddos,2026-02-25T13:50:10.856334,Denial of Service,MEDIUM,"Service unavailability, business disruption","Enable DDoS protection, rate limiting, CDN deployment",ddos_MEDIUM
ddos,2026-02-25T13:50:10.856336,Denial of Service,MEDIUM,"Service unavailability, business disruption","Enable DDoS protection, rate limiting, CDN deployment",ddos_MEDIUM
ddos,2026-02-25T13:50:10.856338,Denial of Service,MEDIUM,"Service unavailability, business disruption","Enable DDoS protection, rate limiting, CDN deployment",ddos_MEDIUM
ddos,2026-02-25T13:50:10.856341,Denial of Service,MEDIUM,"Service unavailability, business disruption","Enable DDoS protection, rate limiting, CDN deployment",ddos_MEDIUM
ddos,2026-02-25T13:50:10.856343,Denial of Service,MEDIUM,"Service unavailability, business disruption","Enable DDoS protection, rate limiting, CDN deployment",ddos_MEDIUM
ddos,2026-02-25T13:50:10.856345,Denial of Service,MEDIUM,"Service unavailability, business disruption","Enable DDoS protection, rate limiting, CDN deployment",ddos_MEDIUM
ddos,2026-02-25T13:50:10.856347,Denial of Service,MEDIUM,"Service unavailability, business disruption","Enable DDoS protection, rate limiting, CDN deployment",ddos_MEDIUM
ddos,2026-02-25T13:50:10.856350,Denial of Service,MEDIUM,"Service unavailability, business disruption","Enable DDoS protection, rate limiting, CDN deployment",ddos_MEDIUM
ddos,2026-02-25T13:50:10.856352,Denial of Service,MEDIUM,"Service unavailability, business disruption","Enable DDoS protection, rate limiting, CDN deployment",ddos_MEDIUM
ddos,2026-02-25T13:50:10.856359,Denial of Service,MEDIUM,"Service unavailability, business disruption","Enable DDoS protection, rate limiting, CDN deployment",ddos_MEDIUM
ddos,2026-02-25T13:50:10.856362,Denial of Service,MEDIUM,"Service unavailability, business disruption","Enable DDoS protection, rate limiting, CDN deployment",ddos_MEDIUM
ddos,2026-02-25T13:50:10.856364,Denial of Service,MEDIUM,"Service unavailability, business disruption","Enable DDoS protection, rate limiting, CDN deployment",ddos_MEDIUM
ddos,2026-02-25T13:50:10.856367,Denial of Service,MEDIUM,"Service unavailability, business disruption","Enable DDoS protection, rate limiting, CDN deployment",ddos_MEDIUM
ddos,2026-02-25T13:50:10.856369,Denial of Service,MEDIUM,"Service unavailability, business disruption","Enable DDoS protection, rate limiting, CDN deployment",ddos_MEDIUM
ddos,2026-02-25T13:50:10.856373,Denial of Service,MEDIUM,"Service unavailability, business disruption","Enable DDoS protection, rate limiting, CDN deployment",ddos_MEDIUM
ddos,2026-02-25T13:50:10.856378,Denial of Service,MEDIUM,"Service unavailability, business disruption","Enable DDoS protection, rate limiting, CDN deployment",ddos_MEDIUM
ddos,2026-02-25T13:50:10.856380,Denial of Service,MEDIUM,"Service unavailability, business disruption","Enable DDoS protection, rate limiting, CDN deployment",ddos_MEDIUM
ddos,2026-02-25T13:50:10.856382,Denial of Service,MEDIUM,"Service unavailability, business disruption","Enable DDoS protection, rate limiting, CDN deployment",ddos_MEDIUM
ddos,2026-02-25T13:50:10.856385,Denial of Service,MEDIUM,"Service unavailability, business disruption","Enable DDoS protection, rate limiting, CDN deployment",ddos_MEDIUM
ddos,2026-02-25T13:50:10.856387,Denial of Service,MEDIUM,"Service unavailability, business disruption","Enable DDoS protection, rate limiting, CDN deployment",ddos_MEDIUM
ddos,2026-02-25T13:50:10.856389,Denial of Service,MEDIUM,"Service unavailability, business disruption","Enable DDoS protection, rate limiting, CDN deployment",ddos_MEDIUM
ddos,2026-02-25T13:50:10.856392,Denial of Service,MEDIUM,"Service unavailability, business disruption","Enable DDoS protection, rate limiting, CDN deployment",ddos_MEDIUM
ddos,2026-02-25T13:50:10.856394,Denial of Service,MEDIUM,"Service unavailability, business disruption","Enable DDoS protection, rate limiting, CDN deployment",ddos_MEDIUM
ddos,2026-02-25T13:50:10.856396,Denial of Service,MEDIUM,"Service unavailability, business disruption","Enable DDoS protection, rate limiting, CDN deployment",ddos_MEDIUM
ddos,2026-02-25T13:50:10.856435,Denial of Service,MEDIUM,"Service unavailability, business disruption","Enable DDoS protection, rate limiting, CDN deployment",ddos_MEDIUM
ddos,2026-02-25T13:50:10.856437,Denial of Service,MEDIUM,"Service unavailability, business disruption","Enable DDoS protection, rate limiting, CDN deployment",ddos_MEDIUM
ddos,2026-02-25T13:50:10.856440,Denial of Service,MEDIUM,"Service unavailability, business disruption","Enable DDoS protection, rate limiting, CDN deployment",ddos_MEDIUM
ddos,2026-02-25T13:50:10.856442,Denial of Service,MEDIUM,"Service unavailability, business disruption","Enable DDoS protection, rate limiting, CDN deployment",ddos_MEDIUM
ddos,2026-02-25T13:50:10.856444,Denial of Service,MEDIUM,"Service unavailability, business disruption","Enable DDoS protection, rate limiting, CDN deployment",ddos_MEDIUM
ddos,2026-02-25T13:50:10.856447,Denial of Service,MEDIUM,"Service unavailability, business disruption","Enable DDoS protection, rate limiting, CDN deployment",ddos_MEDIUM
ddos,2026-02-25T13:50:10.856449,Denial of Service,MEDIUM,"Service unavailability, business disruption","Enable DDoS protection, rate limiting, CDN deployment",ddos_MEDIUM
ddos,2026-02-25T13:50:10.856451,Denial of Service,MEDIUM,"Service unavailability, business disruption","Enable DDoS protection, rate limiting, CDN deployment",ddos_MEDIUM
ddos,2026-02-25T13:50:10.856454,Denial of Service,MEDIUM,"Service unavailability, business disruption","Enable DDoS protection, rate limiting, CDN deployment",ddos_MEDIUM
ddos,2026-02-25T13:50:10.856458,Denial of Service,MEDIUM,"Service unavailability, business disruption","Enable DDoS protection, rate limiting, CDN deployment",ddos_MEDIUM
ddos,2026-02-25T13:50:10.856461,Denial of Service,MEDIUM,"Service unavailability, business disruption","Enable DDoS protection, rate limiting, CDN deployment",ddos_MEDIUM
ddos,2026-02-25T13:50:10.856463,Denial of Service,MEDIUM,"Service unavailability, business disruption","Enable DDoS protection, rate limiting, CDN deployment",ddos_MEDIUM
ddos,2026-02-25T13:50:10.856466,Denial of Service,MEDIUM,"Service unavailability, business disruption","Enable DDoS protection, rate limiting, CDN deployment",ddos_MEDIUM
ddos,2026-02-25T13:50:10.856468,Denial of Service,MEDIUM,"Service unavailability, business disruption","Enable DDoS protection, rate limiting, CDN deployment",ddos_MEDIUM
ddos,2026-02-25T13:50:10.856470,Denial of Service,MEDIUM,"Service unavailability, business disruption","Enable DDoS protection, rate limiting, CDN deployment",ddos_MEDIUM
ddos,2026-02-25T13:50:10.856472,Denial of Service,MEDIUM,"Service unavailability, business disruption","Enable DDoS protection, rate limiting, CDN deployment",ddos_MEDIUM
ddos,2026-02-25T13:50:10.856475,Denial of Service,MEDIUM,"Service unavailability, business disruption","Enable DDoS protection, rate limiting, CDN deployment",ddos_MEDIUM
ddos,2026-02-25T13:50:10.856477,Denial of Service,MEDIUM,"Service unavailability, business disruption","Enable DDoS protection, rate limiting, CDN deployment",ddos_MEDIUM
ddos,2026-02-25T13:50:10.856479,Denial of Service,MEDIUM,"Service unavailability, business disruption","Enable DDoS protection, rate limiting, CDN deployment",ddos_MEDIUM
ddos,2026-02-25T13:50:10.856482,Denial of Service,MEDIUM,"Service unavailability, business disruption","Enable DDoS protection, rate limiting, CDN deployment",ddos_MEDIUM
ddos,2026-02-25T13:50:10.856484,Denial of Service,MEDIUM,"Service unavailability, business disruption","Enable DDoS protection, rate limiting, CDN deployment",ddos_MEDIUM
ddos,2026-02-25T13:50:10.856486,Denial of Service,MEDIUM,"Service unavailability, business disruption","Enable DDoS protection, rate limiting, CDN deployment",ddos_MEDIUM
ddos,2026-02-25T13:50:10.856489,Denial of Service,MEDIUM,"Service unavailability, business disruption","Enable DDoS protection, rate limiting, CDN deployment",ddos_MEDIUM
ddos,2026-02-25T13:50:10.856493,Denial of Service,MEDIUM,"Service unavailability, business disruption","Enable DDoS protection, rate limiting, CDN deployment",ddos_MEDIUM
ddos,2026-02-25T13:50:10.856496,Denial of Service,MEDIUM,"Service unavailability, business disruption","Enable DDoS protection, rate limiting, CDN deployment",ddos_MEDIUM
ddos,2026-02-25T13:50:10.856498,Denial of Service,MEDIUM,"Service unavailability, business disruption","Enable DDoS protection, rate limiting, CDN deployment",ddos_MEDIUM
ddos,2026-02-25T13:50:10.856500,Denial of Service,MEDIUM,"Service unavailability, business disruption","Enable DDoS protection, rate limiting, CDN deployment",ddos_MEDIUM
ddos,2026-02-25T13:50:10.856503,Denial of Service,MEDIUM,"Service unavailability, business disruption","Enable DDoS protection, rate limiting, CDN deployment",ddos_MEDIUM
ddos,2026-02-25T13:50:10.856505,Denial of Service,MEDIUM,"Service unavailability, business disruption","Enable DDoS protection, rate limiting, CDN deployment",ddos_MEDIUM
ddos,2026-02-25T13:50:10.856509,Denial of Service,MEDIUM,"Service unavailability, business disruption","Enable DDoS protection, rate limiting, CDN deployment",ddos_MEDIUM
ddos,2026-02-25T13:50:10.856512,Denial of Service,MEDIUM,"Service unavailability, business disruption","Enable DDoS protection, rate limiting, CDN deployment",ddos_MEDIUM
ddos,2026-02-25T13:50:10.856514,Denial of Service,MEDIUM,"Service unavailability, business disruption","Enable DDoS protection, rate limiting, CDN deployment",ddos_MEDIUM
ddos,2026-02-25T13:50:10.856516,Denial of Service,MEDIUM,"Service unavailability, business disruption","Enable DDoS protection, rate limiting, CDN deployment",ddos_MEDIUM
ddos,2026-02-25T13:50:10.856519,Denial of Service,MEDIUM,"Service unavailability, business disruption","Enable DDoS protection, rate limiting, CDN deployment",ddos_MEDIUM
ddos,2026-02-25T13:50:10.856521,Denial of Service,MEDIUM,"Service unavailability, business disruption","Enable DDoS protection, rate limiting, CDN deployment",ddos_MEDIUM
ddos,2026-02-25T13:50:10.856526,Denial of Service,MEDIUM,"Service unavailability, business disruption","Enable DDoS protection, rate limiting, CDN deployment",ddos_MEDIUM
ddos,2026-02-25T13:50:10.856528,Denial of Service,MEDIUM,"Service unavailability, business disruption","Enable DDoS protection, rate limiting, CDN deployment",ddos_MEDIUM
ddos,2026-02-25T13:50:10.856531,Denial of Service,MEDIUM,"Service unavailability, business disruption","Enable DDoS protection, rate limiting, CDN deployment",ddos_MEDIUM
ddos,2026-02-25T13:50:10.856533,Denial of Service,MEDIUM,"Service unavailability, business disruption","Enable DDoS protection, rate limiting, CDN deployment",ddos_MEDIUM
ddos,2026-02-25T13:50:10.856535,Denial of Service,MEDIUM,"Service unavailability, business disruption","Enable DDoS protection, rate limiting, CDN deployment",ddos_MEDIUM
ddos,2026-02-25T13:50:10.856538,Denial of Service,MEDIUM,"Service unavailability, business disruption","Enable DDoS protection, rate limiting, CDN deployment",ddos_MEDIUM
ddos,2026-02-25T13:50:10.856540,Denial of Service,MEDIUM,"Service unavailability, business disruption","Enable DDoS protection, rate limiting, CDN deployment",ddos_MEDIUM
ddos,2026-02-25T13:50:10.856542,Denial of Service,MEDIUM,"Service unavailability, business disruption","Enable DDoS protection, rate limiting, CDN deployment",ddos_MEDIUM
ddos,2026-02-25T13:50:10.856545,Denial of Service,MEDIUM,"Service unavailability, business disruption","Enable DDoS protection, rate limiting, CDN deployment",ddos_MEDIUM
ddos,2026-02-25T13:50:10.856547,Denial of Service,MEDIUM,"Service unavailability, business disruption","Enable DDoS protection, rate limiting, CDN deployment",ddos_MEDIUM
ddos,2026-02-25T13:50:10.856549,Denial of Service,MEDIUM,"Service unavailability, business disruption","Enable DDoS protection, rate limiting, CDN deployment",ddos_MEDIUM
ddos,2026-02-25T13:50:10.856551,Denial of Service,MEDIUM,"Service unavailability, business disruption","Enable DDoS protection, rate limiting, CDN deployment",ddos_MEDIUM
ddos,2026-02-25T13:50:10.856554,Denial of Service,MEDIUM,"Service unavailability, business disruption","Enable DDoS protection, rate limiting, CDN deployment",ddos_MEDIUM
ddos,2026-02-25T13:50:10.856558,Denial of Service,MEDIUM,"Service unavailability, business disruption","Enable DDoS protection, rate limiting, CDN deployment",ddos_MEDIUM
ddos,2026-02-25T13:50:10.856561,Denial of Service,MEDIUM,"Service unavailability, business disruption","Enable DDoS protection, rate limiting, CDN deployment",ddos_MEDIUM
ddos,2026-02-25T13:50:10.856563,Denial of Service,MEDIUM,"Service unavailability, business disruption","Enable DDoS protection, rate limiting, CDN deployment",ddos_MEDIUM
ddos,2026-02-25T13:50:10.856565,Denial of Service,MEDIUM,"Service unavailability, business disruption","Enable DDoS protection, rate limiting, CDN deployment",ddos_MEDIUM
ddos,2026-02-25T13:50:10.856568,Denial of Service,MEDIUM,"Service unavailability, business disruption","Enable DDoS protection, rate limiting, CDN deployment",ddos_MEDIUM
ddos,2026-02-25T13:50:10.856570,Denial of Service,MEDIUM,"Service unavailability, business disruption","Enable DDoS protection, rate limiting, CDN deployment",ddos_MEDIUM
ddos,2026-02-25T13:50:10.856572,Denial of Service,MEDIUM,"Service unavailability, business disruption","Enable DDoS protection, rate limiting, CDN deployment",ddos_MEDIUM
ddos,2026-02-25T13:50:10.856577,Denial of Service,MEDIUM,"Service unavailability, business disruption","Enable DDoS protection, rate limiting, CDN deployment",ddos_MEDIUM
ddos,2026-02-25T13:50:10.856580,Denial of Service,MEDIUM,"Service unavailability, business disruption","Enable DDoS protection, rate limiting, CDN deployment",ddos_MEDIUM
ddos,2026-02-25T13:50:10.856582,Denial of Service,MEDIUM,"Service unavailability, business disruption","Enable DDoS protection, rate limiting, CDN deployment",ddos_MEDIUM
ddos,2026-02-25T13:50:10.856585,Denial of Service,MEDIUM,"Service unavailability, business disruption","Enable DDoS protection, rate limiting, CDN deployment",ddos_MEDIUM
ddos,2026-02-25T13:50:10.856587,Denial of Service,MEDIUM,"Service unavailability, business disruption","Enable DDoS protection, rate limiting, CDN deployment",ddos_MEDIUM
ddos,2026-02-25T13:50:10.856589,Denial of Service,MEDIUM,"Service unavailability, business disruption","Enable DDoS protection, rate limiting, CDN deployment",ddos_MEDIUM
ddos,2026-02-25T13:50:10.856592,Denial of Service,MEDIUM,"Service unavailability, business disruption","Enable DDoS protection, rate limiting, CDN deployment",ddos_MEDIUM
ddos,2026-02-25T13:50:10.856594,Denial of Service,MEDIUM,"Service unavailability, business disruption","Enable DDoS protection, rate limiting, CDN deployment",ddos_MEDIUM
ddos,2026-02-25T13:50:10.856596,Denial of Service,MEDIUM,"Service unavailability, business disruption","Enable DDoS protection, rate limiting, CDN deployment",ddos_MEDIUM
ddos,2026-02-25T13:50:10.856599,Denial of Service,MEDIUM,"Service unavailability, business disruption","Enable DDoS protection, rate limiting, CDN deployment",ddos_MEDIUM
ddos,2026-02-25T13:50:10.856601,Denial of Service,MEDIUM,"Service unavailability, business disruption","Enable DDoS protection, rate limiting, CDN deployment",ddos_MEDIUM
ddos,2026-02-25T13:50:10.856603,Denial of Service,MEDIUM,"Service unavailability, business disruption","Enable DDoS protection, rate limiting, CDN deployment",ddos_MEDIUM
ddos,2026-02-25T13:50:10.856605,Denial of Service,MEDIUM,"Service unavailability, business disruption","Enable DDoS protection, rate limiting, CDN deployment",ddos_MEDIUM
ddos,2026-02-25T13:50:10.856610,Denial of Service,MEDIUM,"Service unavailability, business disruption","Enable DDoS protection, rate limiting, CDN deployment",ddos_MEDIUM
ddos,2026-02-25T13:50:10.856613,Denial of Service,MEDIUM,"Service unavailability, business disruption","Enable DDoS protection, rate limiting, CDN deployment",ddos_MEDIUM
ddos,2026-02-25T13:50:10.856615,Denial of Service,MEDIUM,"Service unavailability, business disruption","Enable DDoS protection, rate limiting, CDN deployment",ddos_MEDIUM
ddos,2026-02-25T13:50:10.856617,Denial of Service,MEDIUM,"Service unavailability, business disruption","Enable DDoS protection, rate limiting, CDN deployment",ddos_MEDIUM
ddos,2026-02-25T13:50:10.856620,Denial of Service,MEDIUM,"Service unavailability, business disruption","Enable DDoS protection, rate limiting, CDN deployment",ddos_MEDIUM
ddos,2026-02-25T13:50:10.856622,Denial of Service,MEDIUM,"Service unavailability, business disruption","Enable DDoS protection, rate limiting, CDN deployment",ddos_MEDIUM
ddos,2026-02-25T13:50:10.856625,Denial of Service,MEDIUM,"Service unavailability, business disruption","Enable DDoS protection, rate limiting, CDN deployment",ddos_MEDIUM
ddos,2026-02-25T13:50:10.856627,Denial of Service,MEDIUM,"Service unavailability, business disruption","Enable DDoS protection, rate limiting, CDN deployment",ddos_MEDIUM
ddos,2026-02-25T13:50:10.856629,Denial of Service,MEDIUM,"Service unavailability, business disruption","Enable DDoS protection, rate limiting, CDN deployment",ddos_MEDIUM
ddos,2026-02-25T13:50:10.856632,Denial of Service,MEDIUM,"Service unavailability, business disruption","Enable DDoS protection, rate limiting, CDN deployment",ddos_MEDIUM
ddos,2026-02-25T13:50:10.856634,Denial of Service,MEDIUM,"Service unavailability, business disruption","Enable DDoS protection, rate limiting, CDN deployment",ddos_MEDIUM
ddos,2026-02-25T13:50:10.856636,Denial of Service,MEDIUM,"Service unavailability, business disruption","Enable DDoS protection, rate limiting, CDN deployment",ddos_MEDIUM
ddos,2026-02-25T13:50:10.856639,Denial of Service,MEDIUM,"Service unavailability, business disruption","Enable DDoS protection, rate limiting, CDN deployment",ddos_MEDIUM
ddos,2026-02-25T13:50:10.856642,Denial of Service,MEDIUM,"Service unavailability, business disruption","Enable DDoS protection, rate limiting, CDN deployment",ddos_MEDIUM
ddos,2026-02-25T13:50:10.856644,Denial of Service,MEDIUM,"Service unavailability, business disruption","Enable DDoS protection, rate limiting, CDN deployment",ddos_MEDIUM
ddos,2026-02-25T13:50:10.856647,Denial of Service,MEDIUM,"Service unavailability, business disruption","Enable DDoS protection, rate limiting, CDN deployment",ddos_MEDIUM
ddos,2026-02-25T13:50:10.856649,Denial of Service,MEDIUM,"Service unavailability, business disruption","Enable DDoS protection, rate limiting, CDN deployment",ddos_MEDIUM
ddos,2026-02-25T13:50:10.856651,Denial of Service,MEDIUM,"Service unavailability, business disruption","Enable DDoS protection, rate limiting, CDN deployment",ddos_MEDIUM
ddos,2026-02-25T13:50:10.856655,Denial of Service,MEDIUM,"Service unavailability, business disruption","Enable DDoS protection, rate limiting, CDN deployment",ddos_MEDIUM
ddos,2026-02-25T13:50:10.856662,Denial of Service,MEDIUM,"Service unavailability, business disruption","Enable DDoS protection, rate limiting, CDN deployment",ddos_MEDIUM
ddos,2026-02-25T13:50:10.856665,Denial of Service,MEDIUM,"Service unavailability, business disruption","Enable DDoS protection, rate limiting, CDN deployment",ddos_MEDIUM
ddos,2026-02-25T13:50:10.856667,Denial of Service,MEDIUM,"Service unavailability, business disruption","Enable DDoS protection, rate limiting, CDN deployment",ddos_MEDIUM
ddos,2026-02-25T13:50:10.856669,Denial of Service,MEDIUM,"Service unavailability, business disruption","Enable DDoS protection, rate limiting, CDN deployment",ddos_MEDIUM
ddos,2026-02-25T13:50:10.856672,Denial of Service,MEDIUM,"Service unavailability, business disruption","Enable DDoS protection, rate limiting, CDN deployment",ddos_MEDIUM
ddos,2026-02-25T13:50:10.856674,Denial of Service,MEDIUM,"Service unavailability, business disruption","Enable DDoS protection, rate limiting, CDN deployment",ddos_MEDIUM
ddos,2026-02-25T13:50:10.856676,Denial of Service,MEDIUM,"Service unavailability, business disruption","Enable DDoS protection, rate limiting, CDN deployment",ddos_MEDIUM
ddos,2026-02-25T13:50:10.856678,Denial of Service,MEDIUM,"Service unavailability, business disruption","Enable DDoS protection, rate limiting, CDN deployment",ddos_MEDIUM
ddos,2026-02-25T13:50:10.856681,Denial of Service,MEDIUM,"Service unavailability, business disruption","Enable DDoS protection, rate limiting, CDN deployment",ddos_MEDIUM
ddos,2026-02-25T13:50:10.856683,Denial of Service,MEDIUM,"Service unavailability, business disruption","Enable DDoS protection, rate limiting, CDN deployment",ddos_MEDIUM
ddos,2026-02-25T13:50:10.856685,Denial of Service,MEDIUM,"Service unavailability, business disruption","Enable DDoS protection, rate limiting, CDN deployment",ddos_MEDIUM
ddos,2026-02-25T13:50:10.856687,Denial of Service,MEDIUM,"Service unavailability, business disruption","Enable DDoS protection, rate limiting, CDN deployment",ddos_MEDIUM
ddos,2026-02-25T13:50:10.856690,Denial of Service,MEDIUM,"Service unavailability, business disruption","Enable DDoS protection, rate limiting, CDN deployment",ddos_MEDIUM
ddos,2026-02-25T13:50:10.856692,Denial of Service,MEDIUM,"Service unavailability, business disruption","Enable DDoS protection, rate limiting, CDN deployment",ddos_MEDIUM
ddos,2026-02-25T13:50:10.856694,Denial of Service,MEDIUM,"Service unavailability, business disruption","Enable DDoS protection, rate limiting, CDN deployment",ddos_MEDIUM
ddos,2026-02-25T13:50:10.856696,Denial of Service,MEDIUM,"Service unavailability, business disruption","Enable DDoS protection, rate limiting, CDN deployment",ddos_MEDIUM
ddos,2026-02-25T13:50:10.856698,Denial of Service,MEDIUM,"Service unavailability, business disruption","Enable DDoS protection, rate limiting, CDN deployment",ddos_MEDIUM
ddos,2026-02-25T13:50:10.856701,Denial of Service,MEDIUM,"Service unavailability, business disruption","Enable DDoS protection, rate limiting, CDN deployment",ddos_MEDIUM
ddos,2026-02-25T13:50:10.856703,Denial of Service,MEDIUM,"Service unavailability, business disruption","Enable DDoS protection, rate limiting, CDN deployment",ddos_MEDIUM
ddos,2026-02-25T13:50:10.856705,Denial of Service,MEDIUM,"Service unavailability, business disruption","Enable DDoS protection, rate limiting, CDN deployment",ddos_MEDIUM
ddos,2026-02-25T13:50:10.856710,Denial of Service,MEDIUM,"Service unavailability, business disruption","Enable DDoS protection, rate limiting, CDN deployment",ddos_MEDIUM
ddos,2026-02-25T13:50:10.856713,Denial of Service,MEDIUM,"Service unavailability, business disruption","Enable DDoS protection, rate limiting, CDN deployment",ddos_MEDIUM
ddos,2026-02-25T13:50:10.856715,Denial of Service,MEDIUM,"Service unavailability, business disruption","Enable DDoS protection, rate limiting, CDN deployment",ddos_MEDIUM
ddos,2026-02-25T13:50:10.856717,Denial of Service,MEDIUM,"Service unavailability, business disruption","Enable DDoS protection, rate limiting, CDN deployment",ddos_MEDIUM
ddos,2026-02-25T13:50:10.856719,Denial of Service,MEDIUM,"Service unavailability, business disruption","Enable DDoS protection, rate limiting, CDN deployment",ddos_MEDIUM
ddos,2026-02-25T13:50:10.856722,Denial of Service,MEDIUM,"Service unavailability, business disruption","Enable DDoS protection, rate limiting, CDN deployment",ddos_MEDIUM
ddos,2026-02-25T13:50:10.856724,Denial of Service,MEDIUM,"Service unavailability, business disruption","Enable DDoS protection, rate limiting, CDN deployment",ddos_MEDIUM
ddos,2026-02-25T13:50:10.856726,Denial of Service,MEDIUM,"Service unavailability, business disruption","Enable DDoS protection, rate limiting, CDN deployment",ddos_MEDIUM
ddos,2026-02-25T13:50:10.856728,Denial of Service,MEDIUM,"Service unavailability, business disruption","Enable DDoS protection, rate limiting, CDN deployment",ddos_MEDIUM
ddos,2026-02-25T13:50:10.856731,Denial of Service,MEDIUM,"Service unavailability, business disruption","Enable DDoS protection, rate limiting, CDN deployment",ddos_MEDIUM
ddos,2026-02-25T13:50:10.856733,Denial of Service,MEDIUM,"Service unavailability, business disruption","Enable DDoS protection, rate limiting, CDN deployment",ddos_MEDIUM
ddos,2026-02-25T13:50:10.856735,Denial of Service,MEDIUM,"Service unavailability, business disruption","Enable DDoS protection, rate limiting, CDN deployment",ddos_MEDIUM
ddos,2026-02-25T13:50:10.856740,Denial of Service,MEDIUM,"Service unavailability, business disruption","Enable DDoS protection, rate limiting, CDN deployment",ddos_MEDIUM
ddos,2026-02-25T13:50:10.856742,Denial of Service,MEDIUM,"Service unavailability, business disruption","Enable DDoS protection, rate limiting, CDN deployment",ddos_MEDIUM
ddos,2026-02-25T13:50:10.856744,Denial of Service,MEDIUM,"Service unavailability, business disruption","Enable DDoS protection, rate limiting, CDN deployment",ddos_MEDIUM
ddos,2026-02-25T13:50:10.856746,Denial of Service,MEDIUM,"Service unavailability, business disruption","Enable DDoS protection, rate limiting, CDN deployment",ddos_MEDIUM
ddos,2026-02-25T13:50:10.856749,Denial of Service,MEDIUM,"Service unavailability, business disruption","Enable DDoS protection, rate limiting, CDN deployment",ddos_MEDIUM
ddos,2026-02-25T13:50:10.856751,Denial of Service,MEDIUM,"Service unavailability, business disruption","Enable DDoS protection, rate limiting, CDN deployment",ddos_MEDIUM
ddos,2026-02-25T13:50:10.856753,Denial of Service,MEDIUM,"Service unavailability, business disruption","Enable DDoS protection, rate limiting, CDN deployment",ddos_MEDIUM
ddos,2026-02-25T13:50:10.856760,Denial of Service,MEDIUM,"Service unavailability, business disruption","Enable DDoS protection, rate limiting, CDN deployment",ddos_MEDIUM
ddos,2026-02-25T13:50:10.856762,Denial of Service,MEDIUM,"Service unavailability, business disruption","Enable DDoS protection, rate limiting, CDN deployment",ddos_MEDIUM
ddos,2026-02-25T13:50:10.856765,Denial of Service,MEDIUM,"Service unavailability, business disruption","Enable DDoS protection, rate limiting, CDN deployment",ddos_MEDIUM
ddos,2026-02-25T13:50:10.856767,Denial of Service,MEDIUM,"Service unavailability, business disruption","Enable DDoS protection, rate limiting, CDN deployment",ddos_MEDIUM
ddos,2026-02-25T13:50:10.856769,Denial of Service,MEDIUM,"Service unavailability, business disruption","Enable DDoS protection, rate limiting, CDN deployment",ddos_MEDIUM
ddos,2026-02-25T13:50:10.856772,Denial of Service,MEDIUM,"Service unavailability, business disruption","Enable DDoS protection, rate limiting, CDN deployment",ddos_MEDIUM
ddos,2026-02-25T13:50:10.856774,Denial of Service,MEDIUM,"Service unavailability, business disruption","Enable DDoS protection, rate limiting, CDN deployment",ddos_MEDIUM
ddos,2026-02-25T13:50:10.856776,Denial of Service,MEDIUM,"Service unavailability, business disruption","Enable DDoS protection, rate limiting, CDN deployment",ddos_MEDIUM
ddos,2026-02-25T13:50:10.856778,Denial of Service,MEDIUM,"Service unavailability, business disruption","Enable DDoS protection, rate limiting, CDN deployment",ddos_MEDIUM
ddos,2026-02-25T13:50:10.856781,Denial of Service,MEDIUM,"Service unavailability, business disruption","Enable DDoS protection, rate limiting, CDN deployment",ddos_MEDIUM
ddos,2026-02-25T13:50:10.856783,Denial of Service,MEDIUM,"Service unavailability, business disruption","Enable DDoS protection, rate limiting, CDN deployment",ddos_MEDIUM
ddos,2026-02-25T13:50:10.856787,Denial of Service,MEDIUM,"Service unavailability, business disruption","Enable DDoS protection, rate limiting, CDN deployment",ddos_MEDIUM
ddos,2026-02-25T13:50:10.856789,Denial of Service,MEDIUM,"Service unavailability, business disruption","Enable DDoS protection, rate limiting, CDN deployment",ddos_MEDIUM
ddos,2026-02-25T13:50:10.856792,Denial of Service,MEDIUM,"Service unavailability, business disruption","Enable DDoS protection, rate limiting, CDN deployment",ddos_MEDIUM
ddos,2026-02-25T13:50:10.856794,Denial of Service,MEDIUM,"Service unavailability, business disruption","Enable DDoS protection, rate limiting, CDN deployment",ddos_MEDIUM
ddos,2026-02-25T13:50:10.856796,Denial of Service,MEDIUM,"Service unavailability, business disruption","Enable DDoS protection, rate limiting, CDN deployment",ddos_MEDIUM
ddos,2026-02-25T13:50:10.856798,Denial of Service,MEDIUM,"Service unavailability, business disruption","Enable DDoS protection, rate limiting, CDN deployment",ddos_MEDIUM
ddos,2026-02-25T13:50:10.856801,Denial of Service,MEDIUM,"Service unavailability, business disruption","Enable DDoS protection, rate limiting, CDN deployment",ddos_MEDIUM
ddos,2026-02-25T13:50:10.856803,Denial of Service,MEDIUM,"Service unavailability, business disruption","Enable DDoS protection, rate limiting, CDN deployment",ddos_MEDIUM
ddos,2026-02-25T13:50:10.856805,Denial of Service,MEDIUM,"Service unavailability, business disruption","Enable DDoS protection, rate limiting, CDN deployment",ddos_MEDIUM
ddos,2026-02-25T13:50:10.856810,Denial of Service,MEDIUM,"Service unavailability, business disruption","Enable DDoS protection, rate limiting, CDN deployment",ddos_MEDIUM
ddos,2026-02-25T13:50:10.856812,Denial of Service,MEDIUM,"Service unavailability, business disruption","Enable DDoS protection, rate limiting, CDN deployment",ddos_MEDIUM
ddos,2026-02-25T13:50:10.856815,Denial of Service,MEDIUM,"Service unavailability, business disruption","Enable DDoS protection, rate limiting, CDN deployment",ddos_MEDIUM
ddos,2026-02-25T13:50:10.856817,Denial of Service,MEDIUM,"Service unavailability, business disruption","Enable DDoS protection, rate limiting, CDN deployment",ddos_MEDIUM
ddos,2026-02-25T13:50:10.856819,Denial of Service,MEDIUM,"Service unavailability, business disruption","Enable DDoS protection, rate limiting, CDN deployment",ddos_MEDIUM
ddos,2026-02-25T13:50:10.856823,Denial of Service,MEDIUM,"Service unavailability, business disruption","Enable DDoS protection, rate limiting, CDN deployment",ddos_MEDIUM
ddos,2026-02-25T13:50:10.856826,Denial of Service,MEDIUM,"Service unavailability, business disruption","Enable DDoS protection, rate limiting, CDN deployment",ddos_MEDIUM
ddos,2026-02-25T13:50:10.856828,Denial of Service,MEDIUM,"Service unavailability, business disruption","Enable DDoS protection, rate limiting, CDN deployment",ddos_MEDIUM
ddos,2026-02-25T13:50:10.856830,Denial of Service,MEDIUM,"Service unavailability, business disruption","Enable DDoS protection, rate limiting, CDN deployment",ddos_MEDIUM
ddos,2026-02-25T13:50:10.856833,Denial of Service,MEDIUM,"Service unavailability, business disruption","Enable DDoS protection, rate limiting, CDN deployment",ddos_MEDIUM
ddos,2026-02-25T13:50:10.856835,Denial of Service,MEDIUM,"Service unavailability, business disruption","Enable DDoS protection, rate limiting, CDN deployment",ddos_MEDIUM
ddos,2026-02-25T13:50:10.856837,Denial of Service,MEDIUM,"Service unavailability, business disruption","Enable DDoS protection, rate limiting, CDN deployment",ddos_MEDIUM
ddos,2026-02-25T13:50:10.856839,Denial of Service,MEDIUM,"Service unavailability, business disruption","Enable DDoS protection, rate limiting, CDN deployment",ddos_MEDIUM
ddos,2026-02-25T13:50:10.856841,Denial of Service,MEDIUM,"Service unavailability, business disruption","Enable DDoS protection, rate limiting, CDN deployment",ddos_MEDIUM
ddos,2026-02-25T13:50:10.856844,Denial of Service,MEDIUM,"Service unavailability, business disruption","Enable DDoS protection, rate limiting, CDN deployment",ddos_MEDIUM
ddos,2026-02-25T13:50:10.856846,Denial of Service,MEDIUM,"Service unavailability, business disruption","Enable DDoS protection, rate limiting, CDN deployment",ddos_MEDIUM
ddos,2026-02-25T13:50:10.856848,Denial of Service,MEDIUM,"Service unavailability, business disruption","Enable DDoS protection, rate limiting, CDN deployment",ddos_MEDIUM
ddos,2026-02-25T13:50:10.856850,Denial of Service,MEDIUM,"Service unavailability, business disruption","Enable DDoS protection, rate limiting, CDN deployment",ddos_MEDIUM
ddos,2026-02-25T13:50:10.856853,Denial of Service,MEDIUM,"Service unavailability, business disruption","Enable DDoS protection, rate limiting, CDN deployment",ddos_MEDIUM
ddos,2026-02-25T13:50:10.856857,Denial of Service,MEDIUM,"Service unavailability, business disruption","Enable DDoS protection, rate limiting, CDN deployment",ddos_MEDIUM
ddos,2026-02-25T13:50:10.856859,Denial of Service,MEDIUM,"Service unavailability, business disruption","Enable DDoS protection, rate limiting, CDN deployment",ddos_MEDIUM
ddos,2026-02-25T13:50:10.856862,Denial of Service,MEDIUM,"Service unavailability, business disruption","Enable DDoS protection, rate limiting, CDN deployment",ddos_MEDIUM
ddos,2026-02-25T13:50:10.856864,Denial of Service,MEDIUM,"Service unavailability, business disruption","Enable DDoS protection, rate limiting, CDN deployment",ddos_MEDIUM
ddos,2026-02-25T13:50:10.856866,Denial of Service,MEDIUM,"Service unavailability, business disruption","Enable DDoS protection, rate limiting, CDN deployment",ddos_MEDIUM
ddos,2026-02-25T13:50:10.856869,Denial of Service,MEDIUM,"Service unavailability, business disruption","Enable DDoS protection, rate limiting, CDN deployment",ddos_MEDIUM
ddos,2026-02-25T13:50:10.856871,Denial of Service,MEDIUM,"Service unavailability, business disruption","Enable DDoS protection, rate limiting, CDN deployment",ddos_MEDIUM
ddos,2026-02-25T13:50:10.856873,Denial of Service,MEDIUM,"Service unavailability, business disruption","Enable DDoS protection, rate limiting, CDN deployment",ddos_MEDIUM
ddos,2026-02-25T13:50:10.856875,Denial of Service,MEDIUM,"Service unavailability, business disruption","Enable DDoS protection, rate limiting, CDN deployment",ddos_MEDIUM
ddos,2026-02-25T13:50:10.856878,Denial of Service,MEDIUM,"Service unavailability, business disruption","Enable DDoS protection, rate limiting, CDN deployment",ddos_MEDIUM
ddos,2026-02-25T13:50:10.856880,Denial of Service,MEDIUM,"Service unavailability, business disruption","Enable DDoS protection, rate limiting, CDN deployment",ddos_MEDIUM
ddos,2026-02-25T13:50:10.856882,Denial of Service,MEDIUM,"Service unavailability, business disruption","Enable DDoS protection, rate limiting, CDN deployment",ddos_MEDIUM
ddos,2026-02-25T13:50:10.856884,Denial of Service,MEDIUM,"Service unavailability, business disruption","Enable DDoS protection, rate limiting, CDN deployment",ddos_MEDIUM
ddos,2026-02-25T13:50:10.856887,Denial of Service,MEDIUM,"Service unavailability, business disruption","Enable DDoS protection, rate limiting, CDN deployment",ddos_MEDIUM
ddos,2026-02-25T13:50:10.856889,Denial of Service,MEDIUM,"Service unavailability, business disruption","Enable DDoS protection, rate limiting, CDN deployment",ddos_MEDIUM
ddos,2026-02-25T13:50:10.856891,Denial of Service,MEDIUM,"Service unavailability, business disruption","Enable DDoS protection, rate limiting, CDN deployment",ddos_MEDIUM
ddos,2026-02-25T13:50:10.856893,Denial of Service,MEDIUM,"Service unavailability, business disruption","Enable DDoS protection, rate limiting, CDN deployment",ddos_MEDIUM
ddos,2026-02-25T13:50:10.856896,Denial of Service,MEDIUM,"Service unavailability, business disruption","Enable DDoS protection, rate limiting, CDN deployment",ddos_MEDIUM
ddos,2026-02-25T13:50:10.856900,Denial of Service,MEDIUM,"Service unavailability, business disruption","Enable DDoS protection, rate limiting, CDN deployment",ddos_MEDIUM
ddos,2026-02-25T13:50:10.856902,Denial of Service,MEDIUM,"Service unavailability, business disruption","Enable DDoS protection, rate limiting, CDN deployment",ddos_MEDIUM
ddos,2026-02-25T13:50:10.856907,Denial of Service,MEDIUM,"Service unavailability, business disruption","Enable DDoS protection, rate limiting, CDN deployment",ddos_MEDIUM
ddos,2026-02-25T13:50:10.856909,Denial of Service,MEDIUM,"Service unavailability, business disruption","Enable DDoS protection, rate limiting, CDN deployment",ddos_MEDIUM
ddos,2026-02-25T13:50:10.856911,Denial of Service,MEDIUM,"Service unavailability, business disruption","Enable DDoS protection, rate limiting, CDN deployment",ddos_MEDIUM
ddos,2026-02-25T13:50:10.856913,Denial of Service,MEDIUM,"Service unavailability, business disruption","Enable DDoS protection, rate limiting, CDN deployment",ddos_MEDIUM
ddos,2026-02-25T13:50:10.856918,Denial of Service,MEDIUM,"Service unavailability, business disruption","Enable DDoS protection, rate limiting, CDN deployment",ddos_MEDIUM
ddos,2026-02-25T13:50:10.856920,Denial of Service,MEDIUM,"Service unavailability, business disruption","Enable DDoS protection, rate limiting, CDN deployment",ddos_MEDIUM
ddos,2026-02-25T13:50:10.856923,Denial of Service,MEDIUM,"Service unavailability, business disruption","Enable DDoS protection, rate limiting, CDN deployment",ddos_MEDIUM
ddos,2026-02-25T13:50:10.856925,Denial of Service,MEDIUM,"Service unavailability, business disruption","Enable DDoS protection, rate limiting, CDN deployment",ddos_MEDIUM
ddos,2026-02-25T13:50:10.856927,Denial of Service,MEDIUM,"Service unavailability, business disruption","Enable DDoS protection, rate limiting, CDN deployment",ddos_MEDIUM
ddos,2026-02-25T13:50:10.856929,Denial of Service,MEDIUM,"Service unavailability, business disruption","Enable DDoS protection, rate limiting, CDN deployment",ddos_MEDIUM
ddos,2026-02-25T13:50:10.856932,Denial of Service,MEDIUM,"Service unavailability, business disruption","Enable DDoS protection, rate limiting, CDN deployment",ddos_MEDIUM
ddos,2026-02-25T13:50:10.856934,Denial of Service,MEDIUM,"Service unavailability, business disruption","Enable DDoS protection, rate limiting, CDN deployment",ddos_MEDIUM
ddos,2026-02-25T13:50:10.856936,Denial of Service,MEDIUM,"Service unavailability, business disruption","Enable DDoS protection, rate limiting, CDN deployment",ddos_MEDIUM
ddos,2026-02-25T13:50:10.856938,Denial of Service,MEDIUM,"Service unavailability, business disruption","Enable DDoS protection, rate limiting, CDN deployment",ddos_MEDIUM
ddos,2026-02-25T13:50:10.856941,Denial of Service,MEDIUM,"Service unavailability, business disruption","Enable DDoS protection, rate limiting, CDN deployment",ddos_MEDIUM
ddos,2026-02-25T13:50:10.856943,Denial of Service,MEDIUM,"Service unavailability, business disruption","Enable DDoS protection, rate limiting, CDN deployment",ddos_MEDIUM
ddos,2026-02-25T13:50:10.856945,Denial of Service,MEDIUM,"Service unavailability, business disruption","Enable DDoS protection, rate limiting, CDN deployment",ddos_MEDIUM
ddos,2026-02-25T13:50:10.856947,Denial of Service,MEDIUM,"Service unavailability, business disruption","Enable DDoS protection, rate limiting, CDN deployment",ddos_MEDIUM
ddos,2026-02-25T13:50:10.856950,Denial of Service,MEDIUM,"Service unavailability, business disruption","Enable DDoS protection, rate limiting, CDN deployment",ddos_MEDIUM
ddos,2026-02-25T13:50:10.856954,Denial of Service,MEDIUM,"Service unavailability, business disruption","Enable DDoS protection, rate limiting, CDN deployment",ddos_MEDIUM
ddos,2026-02-25T13:50:10.856957,Denial of Service,MEDIUM,"Service unavailability, business disruption","Enable DDoS protection, rate limiting, CDN deployment",ddos_MEDIUM
ddos,2026-02-25T13:50:10.856959,Denial of Service,MEDIUM,"Service unavailability, business disruption","Enable DDoS protection, rate limiting, CDN deployment",ddos_MEDIUM
ddos,2026-02-25T13:50:10.856961,Denial of Service,MEDIUM,"Service unavailability, business disruption","Enable DDoS protection, rate limiting, CDN deployment",ddos_MEDIUM
ddos,2026-02-25T13:50:10.856963,Denial of Service,MEDIUM,"Service unavailability, business disruption","Enable DDoS protection, rate limiting, CDN deployment",ddos_MEDIUM
ddos,2026-02-25T13:50:10.856966,Denial of Service,MEDIUM,"Service unavailability, business disruption","Enable DDoS protection, rate limiting, CDN deployment",ddos_MEDIUM
ddos,2026-02-25T13:50:10.856968,Denial of Service,MEDIUM,"Service unavailability, business disruption","Enable DDoS protection, rate limiting, CDN deployment",ddos_MEDIUM
ddos,2026-02-25T13:50:10.856970,Denial of Service,MEDIUM,"Service unavailability, business disruption","Enable DDoS protection, rate limiting, CDN deployment",ddos_MEDIUM
ddos,2026-02-25T13:50:10.856972,Denial of Service,MEDIUM,"Service unavailability, business disruption","Enable DDoS protection, rate limiting, CDN deployment",ddos_MEDIUM
ddos,2026-02-25T13:50:10.856975,Denial of Service,MEDIUM,"Service unavailability, business disruption","Enable DDoS protection, rate limiting, CDN deployment",ddos_MEDIUM
ddos,2026-02-25T13:50:10.856979,Denial of Service,MEDIUM,"Service unavailability, business disruption","Enable DDoS protection, rate limiting, CDN deployment",ddos_MEDIUM
ddos,2026-02-25T13:50:10.856981,Denial of Service,MEDIUM,"Service unavailability, business disruption","Enable DDoS protection, rate limiting, CDN deployment",ddos_MEDIUM
ddos,2026-02-25T13:50:10.856984,Denial of Service,MEDIUM,"Service unavailability, business disruption","Enable DDoS protection, rate limiting, CDN deployment",ddos_MEDIUM
ddos,2026-02-25T13:50:10.856986,Denial of Service,MEDIUM,"Service unavailability, business disruption","Enable DDoS protection, rate limiting, CDN deployment",ddos_MEDIUM
ddos,2026-02-25T13:50:10.856988,Denial of Service,MEDIUM,"Service unavailability, business disruption","Enable DDoS protection, rate limiting, CDN deployment",ddos_MEDIUM
ddos,2026-02-25T13:50:10.856990,Denial of Service,MEDIUM,"Service unavailability, business disruption","Enable DDoS protection, rate limiting, CDN deployment",ddos_MEDIUM
ddos,2026-02-25T13:50:10.856993,Denial of Service,MEDIUM,"Service unavailability, business disruption","Enable DDoS protection, rate limiting, CDN deployment",ddos_MEDIUM
ddos,2026-02-25T13:50:10.856995,Denial of Service,MEDIUM,"Service unavailability, business disruption","Enable DDoS protection, rate limiting, CDN deployment",ddos_MEDIUM
ddos,2026-02-25T13:50:10.856997,Denial of Service,MEDIUM,"Service unavailability, business disruption","Enable DDoS protection, rate limiting, CDN deployment",ddos_MEDIUM
ddos,2026-02-25T13:50:10.856999,Denial of Service,MEDIUM,"Service unavailability, business disruption","Enable DDoS protection, rate limiting, CDN deployment",ddos_MEDIUM
ddos,2026-02-25T13:50:10.857004,Denial of Service,MEDIUM,"Service unavailability, business disruption","Enable DDoS protection, rate limiting, CDN deployment",ddos_MEDIUM
ddos,2026-02-25T13:50:10.857006,Denial of Service,MEDIUM,"Service unavailability, business disruption","Enable DDoS protection, rate limiting, CDN deployment",ddos_MEDIUM
ddos,2026-02-25T13:50:10.857008,Denial of Service,MEDIUM,"Service unavailability, business disruption","Enable DDoS protection, rate limiting, CDN deployment",ddos_MEDIUM
ddos,2026-02-25T13:50:10.857011,Denial of Service,MEDIUM,"Service unavailability, business disruption","Enable DDoS protection, rate limiting, CDN deployment",ddos_MEDIUM
ddos,2026-02-25T13:50:10.857013,Denial of Service,MEDIUM,"Service unavailability, business disruption","Enable DDoS protection, rate limiting, CDN deployment",ddos_MEDIUM
ddos,2026-02-25T13:50:10.857015,Denial of Service,MEDIUM,"Service unavailability, business disruption","Enable DDoS protection, rate limiting, CDN deployment",ddos_MEDIUM
ddos,2026-02-25T13:50:10.857017,Denial of Service,MEDIUM,"Service unavailability, business disruption","Enable DDoS protection, rate limiting, CDN deployment",ddos_MEDIUM
ddos,2026-02-25T13:50:10.857020,Denial of Service,MEDIUM,"Service unavailability, business disruption","Enable DDoS protection, rate limiting, CDN deployment",ddos_MEDIUM
ddos,2026-02-25T13:50:10.857022,Denial of Service,MEDIUM,"Service unavailability, business disruption","Enable DDoS protection, rate limiting, CDN deployment",ddos_MEDIUM
ddos,2026-02-25T13:50:10.857024,Denial of Service,MEDIUM,"Service unavailability, business disruption","Enable DDoS protection, rate limiting, CDN deployment",ddos_MEDIUM
ddos,2026-02-25T13:50:10.857026,Denial of Service,MEDIUM,"Service unavailability, business disruption","Enable DDoS protection, rate limiting, CDN deployment",ddos_MEDIUM
ddos,2026-02-25T13:50:10.857029,Denial of Service,MEDIUM,"Service unavailability, business disruption","Enable DDoS protection, rate limiting, CDN deployment",ddos_MEDIUM
ddos,2026-02-25T13:50:10.857031,Denial of Service,MEDIUM,"Service unavailability, business disruption","Enable DDoS protection, rate limiting, CDN deployment",ddos_MEDIUM
ddos,2026-02-25T13:50:10.857033,Denial of Service,MEDIUM,"Service unavailability, business disruption","Enable DDoS protection, rate limiting, CDN deployment",ddos_MEDIUM
ddos,2026-02-25T13:50:10.857035,Denial of Service,MEDIUM,"Service unavailability, business disruption","Enable DDoS protection, rate limiting, CDN deployment",ddos_MEDIUM
ddos,2026-02-25T13:50:10.857040,Denial of Service,MEDIUM,"Service unavailability, business disruption","Enable DDoS protection, rate limiting, CDN deployment",ddos_MEDIUM
ddos,2026-02-25T13:50:10.857042,Denial of Service,MEDIUM,"Service unavailability, business disruption","Enable DDoS protection, rate limiting, CDN deployment",ddos_MEDIUM
ddos,2026-02-25T13:50:10.857044,Denial of Service,MEDIUM,"Service unavailability, business disruption","Enable DDoS protection, rate limiting, CDN deployment",ddos_MEDIUM
ddos,2026-02-25T13:50:10.857047,Denial of Service,MEDIUM,"Service unavailability, business disruption","Enable DDoS protection, rate limiting, CDN deployment",ddos_MEDIUM
ddos,2026-02-25T13:50:10.857051,Denial of Service,MEDIUM,"Service unavailability, business disruption","Enable DDoS protection, rate limiting, CDN deployment",ddos_MEDIUM
ddos,2026-02-25T13:50:10.857053,Denial of Service,MEDIUM,"Service unavailability, business disruption","Enable DDoS protection, rate limiting, CDN deployment",ddos_MEDIUM
ddos,2026-02-25T13:50:10.857055,Denial of Service,MEDIUM,"Service unavailability, business disruption","Enable DDoS protection, rate limiting, CDN deployment",ddos_MEDIUM
ddos,2026-02-25T13:50:10.857060,Denial of Service,MEDIUM,"Service unavailability, business disruption","Enable DDoS protection, rate limiting, CDN deployment",ddos_MEDIUM
ddos,2026-02-25T13:50:10.857062,Denial of Service,MEDIUM,"Service unavailability, business disruption","Enable DDoS protection, rate limiting, CDN deployment",ddos_MEDIUM
ddos,2026-02-25T13:50:10.857064,Denial of Service,MEDIUM,"Service unavailability, business disruption","Enable DDoS protection, rate limiting, CDN deployment",ddos_MEDIUM
ddos,2026-02-25T13:50:10.857067,Denial of Service,MEDIUM,"Service unavailability, business disruption","Enable DDoS protection, rate limiting, CDN deployment",ddos_MEDIUM
ddos,2026-02-25T13:50:10.857069,Denial of Service,MEDIUM,"Service unavailability, business disruption","Enable DDoS protection, rate limiting, CDN deployment",ddos_MEDIUM
ddos,2026-02-25T13:50:10.857071,Denial of Service,MEDIUM,"Service unavailability, business disruption","Enable DDoS protection, rate limiting, CDN deployment",ddos_MEDIUM
ddos,2026-02-25T13:50:10.857073,Denial of Service,MEDIUM,"Service unavailability, business disruption","Enable DDoS protection, rate limiting, CDN deployment",ddos_MEDIUM
ddos,2026-02-25T13:50:10.857076,Denial of Service,MEDIUM,"Service unavailability, business disruption","Enable DDoS protection, rate limiting, CDN deployment",ddos_MEDIUM
ddos,2026-02-25T13:50:10.857078,Denial of Service,MEDIUM,"Service unavailability, business disruption","Enable DDoS protection, rate limiting, CDN deployment",ddos_MEDIUM
ddos,2026-02-25T13:50:10.857080,Denial of Service,MEDIUM,"Service unavailability, business disruption","Enable DDoS protection, rate limiting, CDN deployment",ddos_MEDIUM
ddos,2026-02-25T13:50:10.857082,Denial of Service,MEDIUM,"Service unavailability, business disruption","Enable DDoS protection, rate limiting, CDN deployment",ddos_MEDIUM
ddos,2026-02-25T13:50:10.857085,Denial of Service,MEDIUM,"Service unavailability, business disruption","Enable DDoS protection, rate limiting, CDN deployment",ddos_MEDIUM
ddos,2026-02-25T13:50:10.857087,Denial of Service,MEDIUM,"Service unavailability, business disruption","Enable DDoS protection, rate limiting, CDN deployment",ddos_MEDIUM
ddos,2026-02-25T13:50:10.857089,Denial of Service,MEDIUM,"Service unavailability, business disruption","Enable DDoS protection, rate limiting, CDN deployment",ddos_MEDIUM
ddos,2026-02-25T13:50:10.857091,Denial of Service,MEDIUM,"Service unavailability, business disruption","Enable DDoS protection, rate limiting, CDN deployment",ddos_MEDIUM
ddos,2026-02-25T13:50:10.857094,Denial of Service,MEDIUM,"Service unavailability, business disruption","Enable DDoS protection, rate limiting, CDN deployment",ddos_MEDIUM
ddos,2026-02-25T13:50:10.857096,Denial of Service,MEDIUM,"Service unavailability, business disruption","Enable DDoS protection, rate limiting, CDN deployment",ddos_MEDIUM
ddos,2026-02-25T13:50:10.857100,Denial of Service,MEDIUM,"Service unavailability, business disruption","Enable DDoS protection, rate limiting, CDN deployment",ddos_MEDIUM
ddos,2026-02-25T13:50:10.857103,Denial of Service,MEDIUM,"Service unavailability, business disruption","Enable DDoS protection, rate limiting, CDN deployment",ddos_MEDIUM
ddos,2026-02-25T13:50:10.857105,Denial of Service,MEDIUM,"Service unavailability, business disruption","Enable DDoS protection, rate limiting, CDN deployment",ddos_MEDIUM
ddos,2026-02-25T13:50:10.857107,Denial of Service,MEDIUM,"Service unavailability, business disruption","Enable DDoS protection, rate limiting, CDN deployment",ddos_MEDIUM
ddos,2026-02-25T13:50:10.857109,Denial of Service,MEDIUM,"Service unavailability, business disruption","Enable DDoS protection, rate limiting, CDN deployment",ddos_MEDIUM
ddos,2026-02-25T13:50:10.857112,Denial of Service,MEDIUM,"Service unavailability, business disruption","Enable DDoS protection, rate limiting, CDN deployment",ddos_MEDIUM
ddos,2026-02-25T13:50:10.857114,Denial of Service,MEDIUM,"Service unavailability, business disruption","Enable DDoS protection, rate limiting, CDN deployment",ddos_MEDIUM
ddos,2026-02-25T13:50:10.857116,Denial of Service,MEDIUM,"Service unavailability, business disruption","Enable DDoS protection, rate limiting, CDN deployment",ddos_MEDIUM
ddos,2026-02-25T13:50:10.857118,Denial of Service,MEDIUM,"Service unavailability, business disruption","Enable DDoS protection, rate limiting, CDN deployment",ddos_MEDIUM
ddos,2026-02-25T13:50:10.857121,Denial of Service,MEDIUM,"Service unavailability, business disruption","Enable DDoS protection, rate limiting, CDN deployment",ddos_MEDIUM
ddos,2026-02-25T13:50:10.857123,Denial of Service,MEDIUM,"Service unavailability, business disruption","Enable DDoS protection, rate limiting, CDN deployment",ddos_MEDIUM
ddos,2026-02-25T13:50:10.857125,Denial of Service,MEDIUM,"Service unavailability, business disruption","Enable DDoS protection, rate limiting, CDN deployment",ddos_MEDIUM
ddos,2026-02-25T13:50:10.857127,Denial of Service,MEDIUM,"Service unavailability, business disruption","Enable DDoS protection, rate limiting, CDN deployment",ddos_MEDIUM
ddos,2026-02-25T13:50:10.857130,Denial of Service,MEDIUM,"Service unavailability, business disruption","Enable DDoS protection, rate limiting, CDN deployment",ddos_MEDIUM
ddos,2026-02-25T13:50:10.857132,Denial of Service,MEDIUM,"Service unavailability, business disruption","Enable DDoS protection, rate limiting, CDN deployment",ddos_MEDIUM
ddos,2026-02-25T13:50:10.857139,Denial of Service,MEDIUM,"Service unavailability, business disruption","Enable DDoS protection, rate limiting, CDN deployment",ddos_MEDIUM
ddos,2026-02-25T13:50:10.857141,Denial of Service,MEDIUM,"Service unavailability, business disruption","Enable DDoS protection, rate limiting, CDN deployment",ddos_MEDIUM
ddos,2026-02-25T13:50:10.857143,Denial of Service,MEDIUM,"Service unavailability, business disruption","Enable DDoS protection, rate limiting, CDN deployment",ddos_MEDIUM
ddos,2026-02-25T13:50:10.857146,Denial of Service,MEDIUM,"Service unavailability, business disruption","Enable DDoS protection, rate limiting, CDN deployment",ddos_MEDIUM
ddos,2026-02-25T13:50:10.857150,Denial of Service,MEDIUM,"Service unavailability, business disruption","Enable DDoS protection, rate limiting, CDN deployment",ddos_MEDIUM
ddos,2026-02-25T13:50:10.857152,Denial of Service,MEDIUM,"Service unavailability, business disruption","Enable DDoS protection, rate limiting, CDN deployment",ddos_MEDIUM
ddos,2026-02-25T13:50:10.857155,Denial of Service,MEDIUM,"Service unavailability, business disruption","Enable DDoS protection, rate limiting, CDN deployment",ddos_MEDIUM
ddos,2026-02-25T13:50:10.857157,Denial of Service,MEDIUM,"Service unavailability, business disruption","Enable DDoS protection, rate limiting, CDN deployment",ddos_MEDIUM
ddos,2026-02-25T13:50:10.857159,Denial of Service,MEDIUM,"Service unavailability, business disruption","Enable DDoS protection, rate limiting, CDN deployment",ddos_MEDIUM
ddos,2026-02-25T13:50:10.857161,Denial of Service,MEDIUM,"Service unavailability, business disruption","Enable DDoS protection, rate limiting, CDN deployment",ddos_MEDIUM
ddos,2026-02-25T13:50:10.857163,Denial of Service,MEDIUM,"Service unavailability, business disruption","Enable DDoS protection, rate limiting, CDN deployment",ddos_MEDIUM
ddos,2026-02-25T13:50:10.857166,Denial of Service,MEDIUM,"Service unavailability, business disruption","Enable DDoS protection, rate limiting, CDN deployment",ddos_MEDIUM
ddos,2026-02-25T13:50:10.857170,Denial of Service,MEDIUM,"Service unavailability, business disruption","Enable DDoS protection, rate limiting, CDN deployment",ddos_MEDIUM
ddos,2026-02-25T13:50:10.857173,Denial of Service,MEDIUM,"Service unavailability, business disruption","Enable DDoS protection, rate limiting, CDN deployment",ddos_MEDIUM
ddos,2026-02-25T13:50:10.857175,Denial of Service,MEDIUM,"Service unavailability, business disruption","Enable DDoS protection, rate limiting, CDN deployment",ddos_MEDIUM
ddos,2026-02-25T13:50:10.857177,Denial of Service,MEDIUM,"Service unavailability, business disruption","Enable DDoS protection, rate limiting, CDN deployment",ddos_MEDIUM
ddos,2026-02-25T13:50:10.857179,Denial of Service,MEDIUM,"Service unavailability, business disruption","Enable DDoS protection, rate limiting, CDN deployment",ddos_MEDIUM
ddos,2026-02-25T13:50:10.857181,Denial of Service,MEDIUM,"Service unavailability, business disruption","Enable DDoS protection, rate limiting, CDN deployment",ddos_MEDIUM
ddos,2026-02-25T13:50:10.857184,Denial of Service,MEDIUM,"Service unavailability, business disruption","Enable DDoS protection, rate limiting, CDN deployment",ddos_MEDIUM
ddos,2026-02-25T13:50:10.857186,Denial of Service,MEDIUM,"Service unavailability, business disruption","Enable DDoS protection, rate limiting, CDN deployment",ddos_MEDIUM
ddos,2026-02-25T13:50:10.857188,Denial of Service,MEDIUM,"Service unavailability, business disruption","Enable DDoS protection, rate limiting, CDN deployment",ddos_MEDIUM
ddos,2026-02-25T13:50:10.857190,Denial of Service,MEDIUM,"Service unavailability, business disruption","Enable DDoS protection, rate limiting, CDN deployment",ddos_MEDIUM
ddos,2026-02-25T13:50:10.857193,Denial of Service,MEDIUM,"Service unavailability, business disruption","Enable DDoS protection, rate limiting, CDN deployment",ddos_MEDIUM
ddos,2026-02-25T13:50:10.857195,Denial of Service,MEDIUM,"Service unavailability, business disruption","Enable DDoS protection, rate limiting, CDN deployment",ddos_MEDIUM
ddos,2026-02-25T13:50:10.857199,Denial of Service,MEDIUM,"Service unavailability, business disruption","Enable DDoS protection, rate limiting, CDN deployment",ddos_MEDIUM
ddos,2026-02-25T13:50:10.857202,Denial of Service,MEDIUM,"Service unavailability, business disruption","Enable DDoS protection, rate limiting, CDN deployment",ddos_MEDIUM
ddos,2026-02-25T13:50:10.857204,Denial of Service,MEDIUM,"Service unavailability, business disruption","Enable DDoS protection, rate limiting, CDN deployment",ddos_MEDIUM
ddos,2026-02-25T13:50:10.857206,Denial of Service,MEDIUM,"Service unavailability, business disruption","Enable DDoS protection, rate limiting, CDN deployment",ddos_MEDIUM
ddos,2026-02-25T13:50:10.857209,Denial of Service,MEDIUM,"Service unavailability, business disruption","Enable DDoS protection, rate limiting, CDN deployment",ddos_MEDIUM
ddos,2026-02-25T13:50:10.857211,Denial of Service,MEDIUM,"Service unavailability, business disruption","Enable DDoS protection, rate limiting, CDN deployment",ddos_MEDIUM
ddos,2026-02-25T13:50:10.857213,Denial of Service,MEDIUM,"Service unavailability, business disruption","Enable DDoS protection, rate limiting, CDN deployment",ddos_MEDIUM
ddos,2026-02-25T13:50:10.857215,Denial of Service,MEDIUM,"Service unavailability, business disruption","Enable DDoS protection, rate limiting, CDN deployment",ddos_MEDIUM
ddos,2026-02-25T13:50:10.857220,Denial of Service,MEDIUM,"Service unavailability, business disruption","Enable DDoS protection, rate limiting, CDN deployment",ddos_MEDIUM
ddos,2026-02-25T13:50:10.857222,Denial of Service,MEDIUM,"Service unavailability, business disruption","Enable DDoS protection, rate limiting, CDN deployment",ddos_MEDIUM
ddos,2026-02-25T13:50:10.857224,Denial of Service,MEDIUM,"Service unavailability, business disruption","Enable DDoS protection, rate limiting, CDN deployment",ddos_MEDIUM
ddos,2026-02-25T13:50:10.857227,Denial of Service,MEDIUM,"Service unavailability, business disruption","Enable DDoS protection, rate limiting, CDN deployment",ddos_MEDIUM
ddos,2026-02-25T13:50:10.857229,Denial of Service,MEDIUM,"Service unavailability, business disruption","Enable DDoS protection, rate limiting, CDN deployment",ddos_MEDIUM
ddos,2026-02-25T13:50:10.857231,Denial of Service,MEDIUM,"Service unavailability, business disruption","Enable DDoS protection, rate limiting, CDN deployment",ddos_MEDIUM
ddos,2026-02-25T13:50:10.857233,Denial of Service,MEDIUM,"Service unavailability, business disruption","Enable DDoS protection, rate limiting, CDN deployment",ddos_MEDIUM
ddos,2026-02-25T13:50:10.857236,Denial of Service,MEDIUM,"Service unavailability, business disruption","Enable DDoS protection, rate limiting, CDN deployment",ddos_MEDIUM
ddos,2026-02-25T13:50:10.857238,Denial of Service,MEDIUM,"Service unavailability, business disruption","Enable DDoS protection, rate limiting, CDN deployment",ddos_MEDIUM
ddos,2026-02-25T13:50:10.857240,Denial of Service,MEDIUM,"Service unavailability, business disruption","Enable DDoS protection, rate limiting, CDN deployment",ddos_MEDIUM
ddos,2026-02-25T13:50:10.857242,Denial of Service,MEDIUM,"Service unavailability, business disruption","Enable DDoS protection, rate limiting, CDN deployment",ddos_MEDIUM
ddos,2026-02-25T13:50:10.857247,Denial of Service,MEDIUM,"Service unavailability, business disruption","Enable DDoS protection, rate limiting, CDN deployment",ddos_MEDIUM
ddos,2026-02-25T13:50:10.857249,Denial of Service,MEDIUM,"Service unavailability, business disruption","Enable DDoS protection, rate limiting, CDN deployment",ddos_MEDIUM
ddos,2026-02-25T13:50:10.857251,Denial of Service,MEDIUM,"Service unavailability, business disruption","Enable DDoS protection, rate limiting, CDN deployment",ddos_MEDIUM
ddos,2026-02-25T13:50:10.857254,Denial of Service,MEDIUM,"Service unavailability, business disruption","Enable DDoS protection, rate limiting, CDN deployment",ddos_MEDIUM
ddos,2026-02-25T13:50:10.857256,Denial of Service,MEDIUM,"Service unavailability, business disruption","Enable DDoS protection, rate limiting, CDN deployment",ddos_MEDIUM
ddos,2026-02-25T13:50:10.857258,Denial of Service,MEDIUM,"Service unavailability, business disruption","Enable DDoS protection, rate limiting, CDN deployment",ddos_MEDIUM
ddos,2026-02-25T13:50:10.857260,Denial of Service,MEDIUM,"Service unavailability, business disruption","Enable DDoS protection, rate limiting, CDN deployment",ddos_MEDIUM
ddos,2026-02-25T13:50:10.857263,Denial of Service,MEDIUM,"Service unavailability, business disruption","Enable DDoS protection, rate limiting, CDN deployment",ddos_MEDIUM
ddos,2026-02-25T13:50:10.857265,Denial of Service,MEDIUM,"Service unavailability, business disruption","Enable DDoS protection, rate limiting, CDN deployment",ddos_MEDIUM
