timestamp,user,ip,event_type,status,raw_message
2026-01-03 10:00:01,attacker1,192.168.3.100,login,failed,Invalid credentials - attempt 1
2026-01-03 10:00:02,attacker1,192.168.3.100,login,failed,Invalid credentials - attempt 2
2026-01-03 10:00:03,attacker1,192.168.3.100,login,failed,Invalid credentials - attempt 3
2026-01-03 10:00:04,attacker1,192.168.3.100,login,failed,Invalid credentials - attempt 4
2026-01-03 10:00:05,attacker1,192.168.3.100,login,failed,Invalid credentials - attempt 5
2026-01-03 10:00:06,attacker1,192.168.3.100,login,failed,Invalid credentials - attempt 6
2026-01-03 10:00:07,attacker1,192.168.3.100,login,failed,Invalid credentials - attempt 7
2026-01-03 10:00:08,attacker1,192.168.3.100,login,failed,Invalid credentials - attempt 8
2026-01-03 10:00:09,attacker1,192.168.3.100,login,failed,Invalid credentials - attempt 9
2026-01-03 10:00:10,attacker1,192.168.3.100,login,failed,Invalid credentials - attempt 10
2026-01-03 10:00:11,attacker1,192.168.3.100,login,failed,Invalid credentials - attempt 11
2026-01-03 10:00:12,attacker1,192.168.3.100,login,failed,Invalid credentials - attempt 12
2026-01-03 10:00:13,attacker1,192.168.3.100,login,failed,Invalid credentials - attempt 13
2026-01-03 10:00:14,attacker1,192.168.3.100,login,failed,Invalid credentials - attempt 14
2026-01-03 10:00:15,attacker1,192.168.3.100,login,failed,Invalid credentials - attempt 15
2026-01-03 10:00:16,attacker1,192.168.3.100,login,failed,Invalid credentials - attempt 16
2026-01-03 10:00:17,attacker1,192.168.3.100,login,failed,Invalid credentials - attempt 17
2026-01-03 10:00:18,attacker1,192.168.3.100,login,failed,Invalid credentials - attempt 18
2026-01-03 10:00:19,attacker1,192.168.3.100,login,failed,Invalid credentials - attempt 19
2026-01-03 10:00:20,attacker1,192.168.3.100,login,failed,Invalid credentials - attempt 20
